poem,distance
Лермонтов М. Ю._Выхожу-один-я-на-дорогу;_Х5жм,0
Меркурьева В.А._Некогда-подумать-о-себе_Х5мж,10.118474489346436
Кузьмина-Караваева Е.Ю._Вечером-родился-человек;_Х5мжм,10.286741419485644
Хомяков А.С._Спала-ночь-с-померкшей-вышины._Х5мж,10.396911784910424
Случевский К.К._Пой-о-ней-голубушка-певунья_Х5жм,10.626304489140416
Трефолев Л.Н._При-моем-последнем-смертном-ложе_Х5жм,10.650598660873204
Прокофьев А.А._Звездный-путь-широкой-опояскою_Х5дм,10.691665251309024
Штейгер А.С._Да-еще-во-сне-бывает-счастье_Х5жм; Х4м,10.769573051438782
Бунин И.А._В-поздний-час-мы-были-с-нею-в-поле._Х5жм,10.804183732619217
"Лохвицкая М._Тише!-Спи!-Под-шум-и-свист-мятели_Х5ж,м",10.86778092733862
"Поплавский Б.Ю._Отблеск-рая-спал-на-снежном-поле_Х5ж,м",10.944871191113688
Поплавский Б.Ю._Над-пустой-рекой-за-поворотом_Х5жм,10.99401362191659
Поплавский Б.Ю._В-час-когда-писать-глаза-устанут_Х5жм; Х5д,11.117914253207426
Зарудин Н.Н._Брезжит-стон-петуший.-Все-застыло----_Х5жм; Х6м,11.122065836476736
Монина В.А._Каждый-вечер-золотой-Возница_Х5жм,11.168537125516057
Поплавский Б.Ю._Зимний-просек-тих-и-полон-снега_Х5жм,11.216677623150565
Поплавский Б.Ю._Было-тихо-в-мире-было-поздно._Х5ж,11.226782327184898
Адамович Г. В._Тихо-мирно-мы-теперь-живем_Х5мж,11.254692450719121
Луговской В.А._Перекресток.-Красный-светофор._Х5мж; Х6м,11.268891728485949
Меркурьева В.А._Долетевший-с-вами-горный-ветер_Х5ж,11.311415486168968
Семенов Г.С._Спят-недосыпают-горожане_Х5жм,11.345005815859471
Шенгели Г.А._Встало-утро-сухо-золотое._Х5ж,11.426716821007261
Поплавский Б.Ю._Страшно-в-бездне.-Снег-идет-над-миром_Х5жм; Х4м,11.441411258607564
Асеев Н.Н._День-настал-/-от-низких-туч-не-вымыт._Х5жм; Х5д,11.457411822534745
Мартынов Л.Н._Эту-вы-заметили-минуту?_Х5ж,11.501230606162045
Гумилев Н.С._В-темных-покрывалах-летней-ночи_Х5ж,11.511026351193578
"Светлов М.А._Тихо-светит-месяц-серебристый…_Х5ж,м",11.556730181753752
Толстая М.А._Ранним-утром-в-дальнюю-дорогу_Х5жм,11.597852741946593
Бунин И.А._В-тихом-старом-городе-Скутари_Х5жм,11.617627821991846
Корнилов Б.П._Может-быть-/-а-может-быть----не-может_Х5жм; Х5д,11.626972539904278
Ходасевич В.Ф._Он-не-спит-он-только-забывает:_Х5жм; Х4м,11.635876913718041
Бунин И.А._Тонет-солнце-рдяным-углем-тонет_Х5жжм,11.646397729945932
Прокофьев А.А._На-раздолье-вешнем-на-просторном_Х5жм,11.689738482242717
Смеляков Я.В._Город-мой-весенний-/-звонкотрубый_Х5жм,11.699377404991719
Белоцветов Н.Н._Горевать-и-плакать-мало-толку_Х5жм,11.712075767802997
Рождественский В.А._Дворик-наш-затянут-виноградом_Х5жм,11.726649264455114
Лозина-Лозинский А.К._Капри-подымается-как-крепость_Х5жм,11.76792688557092
Туроверов Н.Н._Эти-дни-не-могут-повторяться_Х5жм; Х6м,11.796639936233984
Кузьмина-Караваева Е.Ю._Наконец-то.-Дверь-скорей-на-ключ._Х5мж,11.82020523072124
Лебедев В.М._Непонятен-дик-и-непорочен._Х5жм,11.822302179551913
Блок А.А._Утомленный-я-терял-надежды_Х5жм; Х4м,11.823979203811135
Андреев Д.Л._Ночь-горька-в-уединённом-доме._Х5жм,11.939195141840747
Петров С.В._Как-на-картах----длинный-путь-дорога_Х5жм,11.958125272835387
Шенгели Г.А._Навзничь-лег.-А-там-в-кастрюле-неба_Х5ж,11.965860273118713
Сельвинский И.Л._У-истории-плохая-память!_Х5жм,11.969718493559467
Тихонов Н.С._Полюбил-без-памяти-Микадо_Х5жм,11.993623335761763
Петров С.В._Прохожу-ничем-не-замечаем_Х5жм,12.008661750025711
Поплавский Б.Ю._Друг-природы-ангел-нелюдимый_Х5жм,12.014783211244975
Асеев Н.Н._Солнце-встало.-/-Я-стою-на-взгорье._Х5жм,12.044703483705103
Блок А.А._Что-с-тобой----не-знаю-и-не-скрою---_Х5жм,12.07783186263135
Тарловский М.А._Сразу-вспыхивая-гаснет-сразу_Х5ж,12.10074830452067
Есенин С. А._Под-окном-балякают-старухи._Х5жм; Х6м,12.102381060762108
"Поплавский Б.Ю._Никогда-поэты-не-поймут_Х5ж,м",12.104856582010283
Катаев В.П._Все-равно-куда-ведет-дорога._Х5жм,12.119574755276401
Эренбург И.Г._Умереть-и-то-казалось-легче_Х5ж; Х6ж,12.12699212459755
Смеляков Я.В._Там-где-звезды-светятся-в-тумане_Х5ж; Х5м,12.13830491863625
Эренбург И.Г._Крылья-выдумав-ушел-под-землю_Х5жм,12.147079551389893
Червинская Л.Д._И-вернулось-голубое-лунное_Х5дм; Х6д,12.159818010578062
Тиняков А.И._День-за-днем-у-каждой-хлебной-лавки_Х5жм,12.175856989722448
Ахматова А.А._По-валам-старинных-укреплений_Х5жм,12.232579300106849
Бунин И.А._Качка-слабых-мучит-и-пьянит._Х5мж; Х4ж,12.241418298219594
Брюсов В.Я._Бред-ночных-путей-хмельные-кубки._Х5жм,12.253172156787313
Цетлин М.О. (Амари)_Гусеница-будущая-бабочка_Х5дм; Х5г,12.262292866413256
Ахматова А.А._Страх-во-тьме-перебирая-вещи_Х5жм,12.262736340858025
Асеев Н.Н._Губы-перетравленные-ложью_Х5жм,12.26883903592934
Головина А.С._Возвращайся-в-пятый-раз-и-сотый._Х5жм,12.272504931458037
Минаев Д.Д._Во-поле-березынька-стояла_Х5ж; Х6ж,12.289205522305819
Эренбург И.Г._В-это-гетто-люди-не-придут._Х5м,12.292173327755048
"Кирсанов С.И._В-доме-электричество-горит_Х5ж,м",12.325764130145455
Ушаков Н.Н._Там-в-волнах-за-льдиной-многоглавой_Х5жм,12.336134002800382
Шенгели Г.А._В-детстве-у-меня-была-картинка_Х5ж,12.342418151278444
Бальмонт К.Д._Кто-качнет-завесу-гробовую-_Х5жм,12.348755598481269
Блох Р.Н._В-гулкий-час-предутренних-молений_Х5жжм,12.363409583409748
Иванов В.И._В-черной-воспаленной-тишине_Х5ммж,12.413060756528383
Ушаков Н.Н._Промелькнет-снежинка-/-в-небе-тая._Х5жм,12.415285849650605
Корнилов Б.П._Ты-как-рыба-выплываешь-с-этого_Х5дм,12.415764531757526
Брюсов В.Я._Мимо-стен-таинственного-Рая_Х5жм,12.430305652660557
Зарудин Н.Н._Накипь-звезд-светлеет.-Чище-строже_Х5жм,12.431616215335444
Кузьмина-Караваева Е.Ю._Ты-серебряная-птица-Голубь_Х5жм,12.438033331270205
Меркурьева В.А._Хроменькая-ноженьки-не-крепки---_Х5жм,12.439060463229955
Шилейко В.К._На-сердце-опять-захолонуло_Х5ж,12.43946758096879
"Дряхлов В.Ф._Хочется-сказать-светлейшие-слова_Х5мж; Х4,6ж,м",12.448621950026082
Скрябина Ариадна_Мягкостью-своих-прикосновений_Х5ж,12.484878137738736
Гумилев Н.С._Только-змеи-сбрасывают-кожи_Х5жм,12.487394596550494
Кленовский Д.И._Снова-ночь-и-снова-сердце-плачет_Х5жм,12.491560928755549
Мариенгоф А.Б._Это-был-урок-урок-суровый_Х5ж; Х6ж,12.499229424017733
Лермонтов М. Ю._Ночевала-тучка-золотая_Х5ж,12.500538868048762
Иванов Г.В._Мы-живем-на-круглой-или-плоской_Х5жм,12.523068963700995
Бенар Н.В._Лишь-одно-из-груды-недомолвок_Х5жм; Х6м,12.525208768367065
Сартовский Г.Г._Мне-так-страстно-хочется-в-Россию_Х5жм; Х6ж,12.530759672880112
"Введенский А.И._три-угла-четыре-колокольни_Х5ж,м; Х3ж",12.536196038913147
Случевский К.К._Дети-спят.-Замолкнул-город-шумный_Х5жм,12.564714866625295
Крузенштерн-Петерец Ю._Жизнь-спокойней.-Жизнь-как-будто-соннее_Х5дм,12.56701819007877
"Поплавский Б.Ю._В-серый-день-лоснится-мокрый-город_Х5ж,м",12.584028939917845
Мандельштам О.Э._Умывался-ночью-на-дворе._Х5мж,12.587673934276857
"Шаламов В.Т._Где-же-детское-пережитое_Х5жм; Х4,6м",12.59310313383386
Присманова А.С._Ветеp-бьет-на-чеpдаке-двеpьми_Х5мж,12.593397600173859
Адалис А.Е._Теплоход-пришел-перед-рассветом._Х5жм,12.593921625619325
Рождественский В.А._Ты-не-любишь.-Ты-не-веришь-тайне._Х5жм,12.614213394282887
Апухтин А.Н._Посреди-гнетущих-и-послушных_Х5жм,12.614267109744931
Гумилев Н.С._Я-служил-пять-лет-у-богача_Х5м,12.617459061505809
Кузьмина-Караваева Е.Ю._Господи-Ты-видишь----нищета_Х5м,12.62582239342042
Антокольский П.Г._Вова!-Я-не-опоздал-ты-слышишь?_Х5жм,12.641195169767524
Кирсанов С.И._Не-за-жизнь-цепляюсь----за-тебя._Х5мж,12.645618118759685
Петров С.В._К-нам-слетит-бессмертная-порука_Х5жм,12.647986401764548
Хвощинская Н.Д._Не-могу-я-приняться-за-дело;_Х5жм,12.649368816022672
Некрасов Н.А._Равнодушно-слушая-проклятья_Х5жм; Х4м,12.660477635927695
Петров С.В._Астроном-стремится-за-Альголем_Х5жм; Х4м,12.661705322388679
Семенов Г.С._Как-вонзались-молнии-в-глаза!_Х5мж,12.669875887174424
Гумилев Н.С._Сон-меня-сегодня-не-разнежил_Х5жм,12.673355927112269
Ахматова А.А._Первый-луч----благословенье-Бога---_Х5жм,12.679692816438136
Бунин И.А._Осень-листья-темной-краской-метит:_Х5жм,12.70510170834861
Эренбург И.Г._Стали-сны-единой-достоверностью._Х5дм; Х6д,12.717073632135486
Киссин С.В._Вы-опять-подкрались-незаметно_Х5жм; Х6м,12.734190894985211
Петров С.В._Будто-лепка-мудрых-детских-рук_Х5м,12.74424294873261
Мандельштам О.Э._Образ-твой-мучительный-и-зыбкий_Х5жм,12.74661509906734
"Рафальский С.М._Много-дум-просеяно-сквозь-сито_Х5жм; Х6ж,м",12.749273609362206
Семенов Г.С._Тараканы-сделаны-из-жести_Х5жм,12.755796777648191
Прокофьев А.А._Нам-обидно-слышать-злые-речи---_Х5жм,12.770411438929136
Васильев П.Н._Не-смущайся-месяцем-раскосым_Х5жм,12.774412381075985
Берггольц О.Ф._Это-всё-неправда.-Ты-любим._Х5м,12.77717575186294
Лесная И._Каждый-день-несет-свои-заботы._Х5жм,12.781640155901028
Рождественский В.А._Мы-с-тобой-когда-нибудь-поедем_Х5жм,12.806572489396311
Барт (Копельман) С.В._Чем-темней-чем-глуше-на-кладбище_Х5жм; Х6м,12.80927719430033
"Андреев Д.Л._Где-не-мчался-ни-один-наездник_Х5ж,м",12.811192205658752
Соловьев С.М._Помнишь-ночь?-Зари-дрожало-пламя_Х5жм,12.813710436044191
"Саянов В.М._Много-было-громких-песен-токмо_Х5ж,м",12.816818004745587
Адалис А.Е._Юность!-Ты-была-со-мной-вчера_Х5ммж,12.821758020775404
Соловьев С.М._За-полночь.-Прошедшего-завеса_Х5жм,12.822653690765268
Вега М._Жизнь-уйдет-и-ничего-не-даст-она_Х5дм,12.823310796253281
Полонская Е.Г._Только-в-снах-еще-ты-настоящий_Х5ж; Х6ж,12.830818199523042
Есенин С. А._Спит-ковыль.-Равнина-дорогая_Х5жм,12.838244140632371
"Кнут Д. (Фиксман Д.М.)_Это-было-третьего-апреля_Х5ж,м",12.83891048982331
Брюсов В.Я._В-снежной-мгле-угрюмы-вопли-вьюги_Х5ж,12.849587087242831
Визи М._Точно-кружевом-одетый-тиной_Х5жм,12.857917924773915
Брюсов В.Я._Крут-и-терпк-осенний-вечер;-с-поля_Х5ж,12.86142363131973
Твардовский А.Т._Над-великой-русскою-равниной_Х5жм; Х5д,12.862687532427163
"Сельвинский И.Л._Дирижер-крутой-и-своевольный_Х5ж,м",12.865825703167125
Кузмин М.А._Сколько-лет-тебе-скажи-Психея?_Х5жм,12.868363106837409
Северянин И._Я-иду-со-свитою-по-лесу._Х5жм,12.868543883198363
Бальмонт К.Д._Долго-я-лежу-на-льду-зеркальном-_Х5жм,12.877402861953918
Эренбург И.Г._На-ладони----карта-с-малолетства_Х5жм; Х6м,12.879168023892113
Прокофьев А.А._Сохранен-твой-след-осенним-ливнем_Х5жм,12.880136841389366
Чегринцева Э.К._Ближе-утро.-Нехотя-и-вяло_Х5жм,12.88626296665852
Поплавский Б.Ю._В-черном-парке-мы-весну-встречали_Х5ж; Х5м,12.895376247752122
Лившиц Б.К._Кто-здесь-плотник-Петр-или-Иосиф_Х5жм,12.896422479932236
Черемнов А.С._Ночь----не-ночь...-Лупа-в-туманном-мареве_Х5дм,12.904168658279305
Прокофьев А.А._В-первоклассных-песнях-прогремела_Х5жм,12.905370106774953
Ходасевич В.Ф._Красный-Марс-восходит-над-агавой_Х5жм,12.907029503485358
Шенгели Г.А._Полночь.-Ветер.-Лодка-покачнулась_Х5ж,12.9096970575082
Присманова А.С._Тает-в-небе-cтая-голубей:_Х5мж,12.91582875399889
Янковская В.Ю._Только-слышать-шумы-буйных-сосен._Х5ж,12.920035540234887
Цветаева М.И._По-дорогам-от-мороза-звонким_Х5жжм,12.921450986450692
Трубецкой Ю.П._Церковка-заросшие-пригорки_Х5жм,12.926525801438224
"Поплавский Б.Ю._Все-спокойно-раннею-весною._Х5ж,м",12.927538248687272
"Светлов М.А._Мне-не-славы-чудится-полет_Х5ж,м",12.92937371610317
Тарловский М.А._Градусник-повешен-за-окном._Х5мж,12.932087937870902
Антокольский П.Г._Я-хочу-чтобы-курьерский-поезд_Х5жм,12.93395455874525
"Тихонов Н.С._В-эту-ночь-звенела-вся-посуда_Х5ж,м",12.935839296209462
Белоцветов Н.Н._Всё-о-том-что-годы-что-сребристы_Х5жм,12.94090361628908
Толстая М.А._На-небе-прозрачными-руками._Х5жм; Х6ж,12.942491414505275
Пастернак Б.Л._Вырываясь-с-моря-из-за-почты_Х5жм,12.965607124224055
Луговской В.А._Поманила-пальцем.-/-Убежала._Х5жм,12.966070630284776
Андреев Д.Л._Индия!-Таинственное-имя_Х5ж,12.966435217259503
Бунин И.А._Что-шумит-звенит-перед-зарею?_Х5ж,12.967004806517872
Лесная И._В-жизни-всюду-встречи-и-дороги_Х5жм,12.981717644057618
Эренбург И.Г._Были-липы-люди-купола._Х5м,12.990095251500723
"Некрасов Н.А._Черный-день!-Как-нищий-просит-хлеба_Х5ж,м; Х4м",12.995281266785277
"Поплавский Б.Ю._Был-красивый-полон-удивленья_Х5ж,м",13.001261345230681
Кузьмина-Караваева Е.Ю._Не-укрыться-в-миросозерцанье_Х5жм,13.001423602862205
Цветаева М.И._Волшебство-немецкой-феерии_Х5жм,13.0015272453927
"Цветаева М.И._Мне-ль-которой-ничего-не-надо_Х5ж,м",13.00390787007174
Случевский К.К._Осень-землю-золотом-одела_Х5ж,13.004353473321139
Туроверов Н.Н._Что-из-этой-жизни-унесу-я_Х5жм,13.00670192064286
Берггольц О.Ф._Слышала----приедешь-к-нам-не-скоро-ты_Х5дм,13.011137158009598
Волошин М.А._Ветер-с-неба-клочья-облак-вытер_Х5жм; Х6м,13.011150177619768
Иванов В.И._По-опавшим-листьям-шелестит_Х5ммж,13.012043959061348
Присманова А.С._Так-уxодят-в-cумpак-поезда_Х5мж,13.014170667790372
Бунин И.А._В-полночь-выхожу-один-из-дома_Х5жм,13.020920027532528
Бунин И.А._В-воскресенье-раньше-литургии_Х5ж,13.037016269336863
Эренбург И.Г._Жалко-в-жизни-мне-еще-дождя._Х5мд; Х6м,13.042071998310139
Брюсов В.Я._Странствующий-рыцарь-Дон-Кихот!_Х5м,13.043515132106126
Бунин И.А._Ночью-в-море-крепко-спать-хотелось_Х5ж,13.047024282425218
Барт (Копельман) С.В._Ты-меня-задушишь-день-весенний!_Х5жм,13.058742814288902
"Поплавский Б.Ю._За-стеною-жизни-ходит-осень_Х5ж; Х5д,м",13.059659068475167
"Поплавский Б.Ю._В-гробовом-таинственном-театре_Х5ж,м",13.061405927813222
Асеев Н.Н._Нынче-утром-певшее-железо_Х5жм,13.063359757067143
Иванов Г.В._В-середине-сентября-погода_Х5жм; Х4м,13.066932945586192
Северянин И._Захрустели-пухлые-кайзэрки_Х5жм,13.081477309705912
Кедрин Д.Б._На-полу-игрушки.-В-доме-тишь._Х5м,13.089820935367632
Светлов М.А._Молодое-греческое-тело_Х5жм,13.09033599054458
Эренбург И.Г._Белым-снегом-устланная-нива_Х5жм,13.099090441661495
Майков А.Н._Запевают-пташки-на-заре_Х5м,13.10092770711265
Головина А.С._Отходя-от-сновидений-ночью_Х5жм,13.101110521771677
Прокофьев А.А._Наклонился-вечер-хмур-и-темен_Х5жм,13.11069977669641
Ивнев Р. (Ковалев М.А.)_Словно-кубики-слова-перебираю_Х5жд; Х6ж,13.118962000898321
Петров С.В._От-души-открыт-вечерний-сад._Х5мж,13.133416349881276
Бунин И.А._Вся-в-снегу-кудрявом-благовонном_Х5жжм,13.135865016838638
Шкапская М.М._Ты-зовешь-меня-своей-капризой-_Х5жм,13.147872347437968
Ушаков Н.Н._Расскажи-народам-всем-и-странам---_Х5жм,13.149794933234544
Эрберг К. (Сюннерберг К.А.)_Облаков-закатные-опалы_Х5жжм,13.151627547816975
Уткин И.П._...Плыл-туман/-за-ледяной-горою_Х5жм; Х6ж,13.151950262206249
Туроверов Н.Н._Ты-одна-со-мною-разделила_Х5жм,13.151954246919768
Ушаков Н.Н._Ночь-как-ночь-/-и-мрак-вполне-нормален._Х5жм,13.158252754740955
Гранин Г._Где-то-там-кудрявой-пеной-вьется_Х5ж,13.158465390954014
Марков С.Н._И-толпа-по-своему-права---_Х5мж,13.160279806052717
Ушаков Н.Н._Краток-день-/-и-вот-приходят-сроки---_Х5жм; Я4м,13.163173846853008
Рождественский В.А._Если-колкой-вьюгой-ветром-встречным_Х5жм,13.168421757159324
Кузьмина-Караваева Е.Ю._Вечера-мои-перекликаются._Х5дж,13.170775058976673
"Туроверов Н.Н._Поднимал-всё-выше-ты-и-выше_Х5жм; Х4ж,м",13.17485765866319
Кедрин Д.Б._После-ночи-пьяного-разгула_Х5жм,13.177801780593283
Поплавский Б.Ю._В-зимний-день-все-кажется-далеким_Х5жм,13.179380233891491
Горлин М.Г._Мокрою-редеющей-листвою_Х5ж,13.179813115937826
Шервинский С.В._В-общем-Ялта-вся-похожа-чем-то-_Х5жм,13.183354894392759
Кленовский Д.И._В-день-когда-уже-ничто-не-может_Х5жм,13.189947118264957
Катаев В.П._Я-не-думал-чтоб-смогла-так-сильно_Х5жм,13.195855619337626
Эренбург И.Г._Я-бы-мог-прожить-совсем-иначе_Х5жм; Х6м,13.20133378437771
Асеев Н.Н._Женщина-причесывает-море_Х5жм,13.206497390691792
Смеляков Я.В._Много-лет-и-много-дней-назад_Х5м,13.207446900608547
Лапин Б.М._Спит-тютюн.-Не-движется-осока_Х5жм,13.208115644081552
Ахматова А.А._Многое-еще-наверно-хочет_Х5жм,13.208476557194041
Эренбург И.Г._Может-можно-отойти-вернуться_Х5жм; Х2ж,13.210186672478855
Поплавский Б.Ю._В-зимний-день-на-небе-неподвижном_Х5жм,13.211519415247887
Поплавский Б.Ю._Серый-день-смеркается-все-гаснет_Х5жм,13.214609711273955
Семенов Г.С._Соловьи-безумствовали.-Ветер_Х5жм,13.216125105522117
Корнилов Б.П._Дни-мальчишки-/-Вы-ушли-хорошие_Х5жм; Х5д,13.217619961118906
Поплавский Б.Ю._На-балконе-плакала-заря_Х5жм,13.217964522131366
Белоцветов Н.Н._И-тогда-в-холодную-могилу_Х5жм,13.219264654975381
Смеляков Я.В._Оценив-строителей-старанье_Х5жм,13.220048966369355
Цветаева М.И._Сини-подмосковные-холмы_Х5мж,13.220725652727825
Гумилев Н.С._Не-всегда-чужда-ты-и-горда_Х5м,13.221097791046452
Дмитриева Е.И._В-темном-поле----только-вереск-жесткий_Х5ж,13.223473295724855
Корнилов Б.П._Верно-пять-часов-утра-/-не-боле._Х5жм,13.240778192710613
Зарудин Н.Н._Снимем-шапки.-Вот----они-в-тумане_Х5жм; Х6м,13.242086461138484
Туроверов Н.Н._Зеленей-трава-не-может-быть_Х5мж,13.24224232927431
Кузьмина-Караваева Е.Ю._Трудный-путь-мы-избирали-вольно_Х5ж,13.242298649977743
Светлов М.А._Ночь-стоит-у-взорванного-моста_Х5жм,13.245821998385122
Штейгер А.С._Были-очень-детские-мечты_Х5мж,13.24752904201251
Поплавский Б.Ю._На-песке-в-счастливый-час-прибоя_Х5жм,13.249043570513344
Поплавский Б.Ю._В-теплый-час-над-потемневшим-миром_Х5жм; Дк5м,13.24996605171385
Ушаков Н.Н._Паучок-летит-на-паутинке_Х5жм,13.250112301603467
Цветаева М.И._Умирая-не-скажу:-была._Х5мж,13.251467061405116
Эренбург И.Г._На-ночь-глядя-выслали-дозоры._Х5ж,13.253929310209232
Андреев Д.Л._Предоставь-себя-ночи-метельной_Х5жм,13.26601991228388
Шкапская М.М._Ничему-далекому-не-верю-_Х5жм,13.268544962902112
Рождественский В.А._Я-люблю-железные-дороги_Х5жм,13.27105616086521
Прокофьев А.А._Задрожала-нет----затрепетала_Х5жм,13.273726984556006
Петров С.В._Далеко-и-рядом----как-за-стенкой---_Х5жм,13.282270628079585
Андреев Д.Л._Без-небесных-хоров-без-видений_Х5жм,13.28753682108212
Ахматова А.А._Под-навесом-темной-риги-жарко_Х5ж,13.28928835153957
Туроверов Н.Н._Было-их-с-урядником-тринадцать_Х5жм,13.290747027124315
Смеляков Я.В._Я-не-знаю-много-или-мало_Х5жм,13.291283626842215
Кузьмина-Караваева Е.Ю._Господи-на-этой-вот-постели_Х5жм,13.291859003543713
Ахматова А.А._Черную-и-прочную-разлуку_Х5жм,13.295558766352517
"Эренбург И.Г._Я-люблю-тебя-за-запах-жесткий_Х5жм; Х6ж,м",13.295691685772512
Светлов М.А._С-первого-пожатия-руки_Х5мж,13.299416488908548
Эренбург И.Г._Вечером-поля-творят-молебен_Х5жм; Х6ж,13.30274417788133
Асеев Н.Н._Звук-забылся-/-боли-было-мало..._Х5жм,13.304250311635418
Тарловский М.А._«Что-ты-кто-ты-сердце-человечье_Х5жм,13.304424189158143
"Петров С.В._Над-Европой-небо----цвета-дыма._Х5жм; Х4ж,м",13.309061241134263
Шервинский С.В._Возле-моря-помню-я-агаву-_Х5жм,13.309662122506936
Марков С.Н._Там-где-волны-дикий-камень-мылят_Х5жм,13.315848938037991
Полонская Е.Г._Ветер-с-моря-ленинградский-ветер_Х5жм,13.318132156121633
"Меркурьева В.А._Легкою-предстанет-переправа_Х5ж,м",13.323429942006959
Ушаков Н.Н._Семена-крылатые-и-зерна_Х5жм,13.325357672829186
Берггольц О.Ф._Буро-желтый-как-сухая-глина_Х5жм; Х5д,13.32573195327795
Семенов Г.С._Как-же-я-скажу-тебе-«прости»_Х5м,13.335597922187379
Цветаева М.И._Ваши-белые-могилки-рядом_Х5жм,13.340648772654804
Штейгер А.С._Лес-вдали-стоит-уже-немой._Х5мж,13.342619121912115
"Кнут Д. (Фиксман Д.М.)_Тише...-Что-ж-что-оказалось-ложью_Х5ж,м",13.343583802546286
Горький М. (А.М.Пешков)_Рыжая-как-ржавое-железо_Х5ж,13.3443849964657
"Поплавский Б.Ю._Летний-вечер-темен-и-тяжел_Х5ж,м",13.34556354948073
Ахматова А.А._Где-то-кошки-жалобно-мяукают_Х5дм,13.348099449127542
Кузьмина-Караваева Е.Ю._Развинтил-винты-ослабил-скрепы_Х5жм,13.348423024358407
Ходасевич В.Ф._За-окном----ночные-разговоры_Х5жм,13.350769326839103
Бунин И.А._Не-устану-воспевать-вас-звезды!_Х5ж,13.350862607200183
Луговской В.А._Мальчики-заводят-на-горе_Х5мж,13.351154356546143
Крандиевская Н.В._Лето-ленинградское-в-неволе._Х5жм,13.352635640664191
Лившиц Б.К._Дрожь-твоих-ресниц-я-видел-Мэри._Х5жм,13.359213691066586
Кузьмина-Караваева Е.Ю._Господи-средь-звезд-Тебе-покорных_Х5жм,13.359964900431567
Ахматова А.А._Запад-клеветал-и-сам-же-верил_Х5жм,13.362502851713817
Есенин С. А._Месяц-рогом-облако-бодает_Х5жм,13.363247731070606
Кузьмина-Караваева Е.Ю._Снова-здесь;-среди-мирских-равнин_Х5мж,13.367473692784648
Эренбург И.Г._Кончен-бой.-Над-горем-и-над-славой_Х5ж,13.368466237770024
Халафов К.К._Ночью-выпал-снег:-внезапный-синий_Х5жм,13.374250019483835
Кирсанов С.И._Мы-теперь-еще-не-вместе-спим._Х5мж,13.378582091872959
Северянин И._Весен-всех-былых-весна-весенней_Х5жм,13.379692342122544
Кузьмина-Караваева Е.Ю._Не-хотят-колючие-слова_Х5мж,13.382294126833054
Рождественский В.А._Что-стихи-что-таинства-Киприды_Х5жм,13.388544423573418
Штейнберг А.А._Пред-рассветом-улицей-безлюдной_Х5жм,13.38866248257532
Пастернак Б.Л._Не-как-люди-не-еженедельно_Х5жм,13.389240205754783
Крандиевская Н.В._Сыплет-звёзды-август-холодеющий_Х5дж,13.39071220151794
Семеновский Д.Н._Всем-нам-всем:-цветам-деревьям-людям_Х5жм,13.394004972309576
Гумилев Н.С._Нежной-бледной-в-пепельной-одежде_Х5жм,13.394285682813418
Луговской В.А._Шевеля-косматыми-плечами_Х5жм,13.394662708647449
Ковынев Б.К._Человеку-так-дано-от-века!_Х5жм,13.396893159299935
Смеляков Я.В._Трудно-называться-мне-поэтом_Х5жм,13.397199540860381
Иевлева В.Н._Темной-ночью-я-вышел-в-дорогу_Х5жм,13.404774422535112
Гумилев Н.С._Из-букета-целого-сиреней_Х5жм,13.405798766654499
"Иванов Г.В._В-глубине-на-самом-дне-сознанья_Х5ж,м",13.4133662837429
Есенин С. А. | dubium_В-эту-ночь-тревожно-голубую_Х5ж; Х2ж,13.414413403865044
Мартынов Л.Н._Серый-час-был-мутен-и-обманчив_Х5ж,13.41457171809927
Поплавский Б.Ю._Слабый-вереск-на-границе-смерти._Х5жм,13.424440224337376
Прокофьев А.А._Как-сказать-тебе-об-этом-лучше?_Х5жм; Х5д,13.431034227783153
Сартовский Г.Г._Ночь-крадется-в-шорохах-чуть-слышных_Х5жм,13.436139884941163
"Закович Б.Г._Дремлет-сад-вдали-трамвай-шумит_Х5ж,м",13.438912408471843
Берггольц О.Ф._Я-давно-живу-с-такой-надеждой:_Х5жм,13.439709563311204
Эренбург И.Г._Я-пишу-из-маленького-бара_Х5жм; Х6м,13.443602285525534
Андреев Д.Л._В-жгучий-год-когда-сбирает-родина_Х5дм,13.445263848603737
Асеев Н.Н._Я-хожу-от-страха-еле-жив_Х5мж,13.44673018604859
Кленовский Д.И._Легкокрылым-Гением-ведомы_Х5жм,13.449060402001827
Черный С. (Гликберг А.М.)_Заклубилась-темень-над-рекой._Х5м; Х6м,13.4505587547574
Меркурьева В.А._Узкие-лазейки-между-столиками_Х5гд,13.452847063923743
Белоцветов Н.Н._Сердце!-Ты----как-облако-над-нивой_Х5ж,13.464928024601752
Прокофьев А.А._Где-ты?-Облака-чуть-чуть-дымятся_Х5жм; Х4м,13.468057989673492
"Поплавский Б.Ю._Лошади-стучали-по-асфальту_Х5ж,м; Х5д",13.468569665480128
Прокофьев А.А._Новый-день-крылом-лебяжьим-машет_Х5жм,13.469129059060778
Блох Р.Н._Растеряла-по-дорогам-годы_Х5жм,13.478905685353851
Адамович Г. В._Что-там-было?-Ширь-закатов-блеклых_Х5жм,13.488940216902748
"Поплавский Б.Ю._Был-в-закате-колокол-стеклянный---_Х5ж,м; Х6м",13.491770520273814
Бунин И.А._Нынче-ночью-кто-то-долго-пел._Х5мж,13.492798963630317
"Поплавский Б.Ю._Целый-день-в-холодном-грязном-саване_Х5ж,м; Х5д",13.495263041323248
Блок А.А._День-полувеселый-полустрадный_Х5ж,13.495375669684927
Эренбург И.Г._Вздуй-трубач-серебряные-щеки_Х5жм,13.495422797870063
Катаев В.П._Ночь-прошла-тревожно-и-тоскливо_Х5ж,13.496147606688615
Бунин И.А._Все-сады-в-росе-но-теплы-гнезда---_Х5жм,13.49628995307743
Гумилев Н.С._Нет-тебя-тревожней-и-капризней_Х5жм,13.49738436528597
Червинская Л.Д._Жизнь-пройдет-и-тихо-оборвется_Х5жм; Х3м,13.502919339725903
"Брюсов В.Я._Я-прошел-пути-и-перепутья_Х5д,ж",13.505438344153381
Визи М._Открывали-маленькие-лавочки_Х5дм,13.506977880634544
Уткин И.П._Трудно-нам-с-тобой-договориться_Х5жм,13.507141389774473
Тарловский М.А._Это-был-обыкновенный-клоп---_Х5мж,13.510153388881843
Колосова М. (Покровская Р.И.)_За-морем-(для-сердца-друга-близко)_Х5жм,13.51153379539664
Головина А.С._День-встает-холодный-и-обычный._Х5жм,13.513316519655104
Смеляков Я.В._У-крестьян-торжественные-лица._Х5жм,13.513513621757111
Цветаева М.И._Поступью-сановнически-гордой_Х5ж,13.514331316490514
"Асеев Н.Н._Дом-стоял-у-города-на-въезде_Х5жм; Х3,4ж,м",13.515838526335763
Семенов Б.К._Золотом-и-снегом-зори-росные_Х5жм; Х6м,13.519116979417376
Прокофьев А.А._Пусть-тебя-не-мучает-тревога_Х5жм,13.520533351817194
Арсеньева К.С._На-воротах-на-цепи-лампада._Х5ж,13.521899301975369
Берггольц О.Ф._Человек-проходит-над-рекою_Х5жм,13.523387778632356
Поплавский Б.Ю._Снег-идет-над-голой-эспланадой;_Х5жм,13.528288170737529
Сологуб Ф.К._День-и-ночь-измучены-бедою;_Х5жм,13.528326075394776
Поплавский Б.Ю._Гаснет-пламя-елки-тихо-в-зале._Х5ж,13.52986955647464
Нарбут В.И._Снова-август-светлый-и-грустящий_Х5жм,13.530435704724884
Мандельштам О.Э._И-глагольных-окончаний-колокол_Х5дм,13.531719139915417
Бальмонт К.Д._Ты-нашла-кусочек-янтаря_Х5мж,13.54618346170961
Цветаева М.И._Гришка-Вор-тебя-не-ополячил_Х5ж,13.546471010301998
Луговской В.А._Снегопад-/-и-музыка-/-и-лед..._Х5мж,13.547123947152464
"Туроверов Н.Н._Не-с-животворящим-и-веселым_Х5жм; Х6ж,м",13.548401587411993
Черный С. (Гликберг А.М.)_Над-столом-в-цветной-парчовой-раме_Х5жм; Х6м,13.549588789880966
Светлов Н._Колдовская-ночь!-Мороз-жестокий_Х5жм,13.554792863632027
Ахматова А.А._Перед-этим-горем-гнутся-горы_Х5жм; Х4м,13.557922485098672
Поплавский Б.Ю._Чудо-жизни-в-радостном-движеньи_Х5жм; Х6м,13.558173215285398
Петров С.В._Домики-забрызганы-садами._Х5жм; Х6м,13.55942915407006
"Иванов Г.В._Скучно-скучно-мне-до-одуренья!_Х5ж,м; Х4ж",13.560854621524092
"Ширяевец (Абрамов) А.В._Пусть-свалюсь-в-кладбищенскую-яму_Х5жм; Х3,4м",13.562402319405995
Крестовский В.В._Я-б-ушел-от-вас-на-берег-моря_Х5ж,13.563377059665802
Крандиевская Н.В._Фаусту-прикидывался-пуделем_Х5дм,13.565231168964583
"Ширяевец (Абрамов) А.В._Нас-с-тобой-нужда-разъединила_Х5ж,м",13.565363717990204
Рождественский В.А._Словно-ветер-на-степном-просторе_Х5жм,13.567777319930235
Поплавский Б.Ю._Мальчик-думает-а-я-остался_Х5жм,13.567808958702036
"Якубович П.Ф._Закатилась-яркая-звезда----_Х5ж,м; Х4м",13.568833420541331
Тихонов Н.С._Тонкотелый-смуглолицый-строгий_Х5жм,13.570060495629743
Некрасов Н.А._Дни-идут...-всё-так-же-воздух-душен_Х5жм,13.570844521033582
Мартынов Л.Н._О-неведомом-и-о-таинственном_Х5дм,13.578905886148346
"Туроверов Н.Н._В-самой-темной-снежной-непробудной_Х5жм; Х6ж,м",13.580858057678814
Кузьмина-Караваева Е.Ю._Кто-я-Господи?-Лишь-самозванка_Х5жм,13.584161292105028
Ушаков Н.Н._Бледная-вода-на-кругозоре_Х5жм,13.586672877373227
Якубович П.Ф._День-ли-ночь-ли----тьмой-равно-объяты_Х5жм,13.58815404546435
Эренбург И.Г._Было-в-жизни-мало-резеды_Х5м,13.593518670088812
Черный С. (Гликберг А.М.)_Прокуроров-было-слишком-много!_Х5жм,13.594522093184677
"Цветаева М.И._Я-сказала-а-другой-услышал_Х5ж,м",13.595993920965629
Черный С. (Гликберг А.М.)_Грубый-грохот-северного-моря._Х5жм; Х6ж,13.59911973349029
Смеляков Я.В._У-меня-такое-ощущенье_Х5жм,13.599374424955956
Васильев П.Н._По-снегу-сквозь-темень-пробежали_Х5жм,13.600122894787726
Кедрин Д.Б._Пасмурный-щегол-и-шустрый-чижик_Х5ж,13.600482048487205
Горький М. (А.М.Пешков)_На-страницы-вашего-альбома_Х5жм,13.604404375084956
Поплавский Б.Ю._Мать-без-края:-«быть-или-не-быть»_Х5мж,13.60959430846894
Иванов Г.В._Несколько-поэтов.-Достоевский.-_Х5ж,13.611090377784292
Ратгауз Т.Д._Вновь-вверху-повиснет-месяц-старый._Х5ж,13.613956096331595
Гумилев Н.С._Странный-сон-увидел-я-сегодня:_Х5ж,13.615333186252238
Лившиц Б.К._Посмотри-с-горы----тебе-виднее:_Х5жм,13.620406244577008
Тихонов Н.С._Праздничный-веселый-бесноватый_Х5жм,13.62691609374721
Пастернак Б.Л._У-людей-пред-праздником-уборка._Х5жм,13.629286001038379
Тихонов Н.С._Пусть-душою-беден-я_Х5жм; Х4м,13.630184730808105
Кузьмина-Караваева Е.Ю._Жить-в-клопиной-нищенской-каморке_Х5жм; Х2ж,13.630631097902024
Цветаева М.И._Не-поцеловали----приложились._Х5ж,13.632107440269085
Луговской В.А._Девочке-медведя-подарили._Х5жм,13.633390877327983
Эренбург И.Г._Что-любовь?-Нежнейшая-безделка._Х5жм,13.63692913190597
Поплавский Б.Ю._Ты-устал-приляжем-у-дороги_Х5жм,13.6378450878206
"Поплавский Б.Ю._Братья-братья-будем-плакать-вместе_Х5ж,м",13.637877048528049
Кедрин Д.Б._Отгудели-медью-мятежи_Х5мж; Х5д,13.640423361413394
Кузьмина-Караваева Е.Ю._На-закате-загорятся-свечи_Х5ж,13.64332336341293
Туроверов Н.Н._Успокойся-сердце-успокойся!_Х5жм; Х6м,13.644327990050966
Головина А.С._Ветер-понапрасну-холодей!---_Х5мж,13.644508620678556
"Ахматова А.А._Я-с-тобой-мой-ангел-не-лукавил_Х5ж,м",13.645189455790794
Берггольц О.Ф._Не-стыдясь-ни-счастья-ни-печали_Х5жм,13.649829781846892
Кузьмина-Караваева Е.Ю._Не-голодная-рысит-волчиха_Х5жм; Х6ж,13.652185617731885
Светлов М.А._Вытерла-заплаканное-личико_Х5жм; Х5д,13.657201438945163
Берггольц О.Ф._Белый-город-синие-заливы_Х5жм,13.658287852758443
Гумилев Н.С._Франция-на-лик-твой-просветленный_Х5жм,13.661118629107769
Рождественский В.А._Обернулась-жизнь-твоя-цыганкою_Х5дм,13.661772573951433
"Черный С. (Гликберг А.М.)_Здесь-обед-торжественней-мистерии_Х5дм; Х6д,м",13.66259476128202
Берг Н.В._Полотно-ткала-сидела-Зейна_Х5ж,13.663834154858852
"Антокольский П.Г._Слушай-время-слушайте-века_Х5ж,м",13.664164219819801
Кузьмина-Караваева Е.Ю._Знаю-я----на-скором-повороте_Х5жм,13.665716040691192
Анненский И.Ф._Зыбким-прахом-закатных-полос_Х5м,13.668119997510324
Смеляков Я.В._У-моей-двоюродной-/-сестрички_Х5ж; Х5м,13.669938766020842
Прокофьев А.А._...Нет-такие-дни-не-забывают!_Х5жм,13.671414321645612
Позняков Н.С._Ночь-прошла----и-спал-ли-я-не-знаю._Х5жм,13.672197819755741
"Васильев П.Н._Далеко-лебяжий-город-твой---_Х5ж,м",13.675832112293842
"Фотинский А.В._Я-рожден-в-глухих-лесах-Полесья_Х5ж,м",13.676714450432232
Головина А.С._Первая-печаль-в-степи-дорожной_Х5жм; Х2ж,13.678067711411392
Северянин И._Вы-оделись-вечером-кисейно_Х5ж,13.679837436359117
Бунин И.А._Как-в-апреле-по-ночам-в-аллее_Х5жм,13.681508353150019
Иванов В.И._Помнишь-ли-как-небо-было-звездно?_Х5жм,13.682059663322997
Берггольц О.Ф._Засыпаю.-Руки-положила_Х5жм,13.686047243788966
Ушаков Н.Н._Иглами-стояли-в-небе-скалы_Х5жм,13.686346383158922
Кузмин М.А._Трижды-в-темный-склеп-страстей-томящих_Х5ж,13.687048418909317
Штейгер А.С._Так-бывает-только-по-ночам_Х5м,13.687397176589911
Щербина Н.Ф._Мы-в-гербе-орла-уничтожаем-_Х5жм,13.691462652497673
Ахматова А.А._И-упало-каменное-слово_Х5жм; Х4м,13.692122979934446
"Якубович П.Ф._Белый-снег-холодный-снег-кругом_Х5ж,м",13.699424919800101
Берггольц О.Ф._Дарья-Власьевна-/-соседка-/-здравствуй._Х5жм,13.699622501224779
Терапиано Ю.К._Только-гибель-и-воспоминанье..._Х5жм,13.701918647280705
Одарченко Ю.П._Я-себя-в-твореньи-перерос_Х5мж,13.708809888410318
Ушаков Н.Н._Синий-Харьков.-/-Осень-голубая._Х5жм,13.713712450173077
"Клюев Н.А._Чтоб-пахну&#769;ло-розой-от-страниц_Х5ж,м; Х6м",13.714687617782673
Эренбург И.Г._Наступали.-А-мороз-был-крепкий._Х5ж; Х4ж,13.715680563573915
Лившиц Б.К._В-небе----бездыханные-виолы_Х5жм,13.719273806844521
Иванов В.И._Не-теплынью-ль-веют-анемоны?_Х5жжжжм,13.720571383195466
Головина А.С._Ночью-руки-до-плеча-растают---_Х5ж,13.723870355803085
"Поплавский Б.Ю._Золотые-дали.-Спит-туман_Х5ж,м",13.7241807520236
Соловьев С.М._И-еще!-Я-никогда-не-чаял_Х5жм,13.724757290759237
Тихонов Н.С._Разве-жить-без-русского-простора_Х5жм,13.724784454798835
Кедрин Д.Б._Кем-я-был?-Могильного-травою?_Х5ж,13.730871417936124
Рождественский В.А._Мне-не-спится.-На-Неве-смятенье_Х5жм,13.733502027564281
Тихонов Н.С._Напряглись-вконец-рыбачьи-души_Х5ж,13.735856008577276
Киссин С.В._Пуст-мой-дом.-Уехали-на-дачу._Х5ж,13.739782711449104
Шкапская М.М._Может-быть-томима-вечной-жаждой-_Х5жм,13.7409900185798
Ахматова А.А._Отлетела-от-меня-удача_Х5ж; Х3м,13.741131494328357
Поплавский Б.Ю._В-летний-день-над-белым-тротуаром_Х5ж; Х5м,13.741455319980625
Хаиндрова Л.И._Далеко-покинутая-родина_Х5дм,13.742272803086534
Зарудин Н.Н._Пахнет-ночь-укропом-у-колодца_Х5ж,13.743651368572342
Оксенов И.А._Духи-дремлют-в-каждом-электроне._Х5жм,13.748753925073585
"Поплавский Б.Ю._Хохотали-люди-у-колонны_Х5ж,м; Х6м",13.750244899159664
Бунин И.А._Облака-как-призраки-развалин_Х5жм,13.760663049827404
Головина А.С._Провода-поют-смолкают-птицы_Х5жм,13.764158315838559
"Гронский Н.П._Возлюбил-душою-он-отвесы_Х5жм; Х4,6м",13.766478246386539
Брюсов В.Я._Я-скорей-тебя-увидел-снова_Х5жм,13.767881653635133
Гершельман К.К._Говорят-что-были-фараоны_Х5жм; Х6м,13.769305108710439
Симонов К.М._Кружится-испанская-пластинка._Х5жм,13.77043988946134
Тютчев Ф. И._Вот-бреду-я-вдоль-большой-дороги_Х5жм,13.771045931288077
Черный С. (Гликберг А.М.)_Возвратясь-усталая-с-примерки_Х5жм,13.771246445840111
"Крузенштерн-Петерец Ю._Проклинали...-Плакали...-Вопили…_Х5ж,м; Х4м",13.772145959342172
Визи М._Поцелуешь-горестные-веки_Х5жм,13.773171552262388
Тельтофт О.Я._У-тебя-как-золотые-сливы_Х5жм,13.775903764553663
Ахматова А.А._Стал-мне-реже-сниться-слава-Богу_Х5жм,13.780154876199331
Кузьмина-Караваева Е.Ю._Дух-смятенный-знаешь-как-бывает---_Х5жм,13.782463892715805
Прокофьев А.А._Кровью-сердца-в-час-необычайный_Х5жм,13.784712151229986
"Шервинский С.В._Грек-увидел-с-палубы-триеры-_Х5ж,м",13.787790096030452
Северянин И._На-восток-туда-к-горам-Урала_Х5жм,13.794046252720653
Ахматова А.А._Не-прислал-ли-лебедя-за-мною_Х5жм,13.79644949746159
Асеев Н.Н._У-меня-/-хорошая-жена_Х5жм,13.800129596822817
Тихонов Н.С._Лучшим-садоводам-не-приснится_Х5жм,13.802135947618119
Зенкевич М.А._«Жизнь-моя-как-летопись-загублена_Х5дм,13.805915216986898
Ахматова А.А._Словно-ангел-возмутивший-воду_Х5жм,13.813031051803739
Рождественский В.А._Расставаясь-с-милою-землей_Х5мж,13.818717298984174
Шервинский С.В._Старая-ты-старая-олива!-_Х5жм,13.822118218776207
Кленовский Д.И._Свет-горит-во-мне-и-надо-мною---_Х5жм,13.822251023404363
Поплавский Б.Ю._Лунный-диск-исчез-за-виадуком_Х5жм; Х6м,13.822942980214034
Эренбург И.Г._Средь-мотоциклетовых-цикад_Х5мж,13.825884785985716
Петров С.В._Даль-у-вечера----нора-барсучья_Х5жм; Х4м,13.825947017715686
Кленовский Д.И._На-краю-поселка-у-обрыва_Х5жм,13.826659986276912
Рождественский В.А._Есть-на-свете-путники.-Они_Х5мж,13.830291434111611
Васильев П.Н._Месяц-чайкой-острокрылой-кружит_Х5жм,13.83146620080006
Мартынов Л.Н._Кто-зовет-меня:-/-«Вернись-вернись!»_Х5м,13.832317647353689
"Антокольский П.Г._Мы-за-стол-садились-неумело_Х5ж,м",13.835949650094564
Белоцветов Н.Н._…А-когда-рассвет-разгладил-хляби_Х5ж,13.837307572292707
"Гумилев Н.С._Он-в-четверг-мне-сделал-предложенье_Х5ж,м; Х6ж",13.839452440962758
Есенин С. А._Мы-теперь-уходим-понемногу_Х5жм,13.840948335999009
Луговской В.А._За-тебя-за-все-я-благодарен._Х5жм,13.843023443170694
Ушаков Н.Н._Где-найдешь-такую-степь-другую---_Х5жм,13.844429703640673
Иванов Г.В._Не-обманывают-только-сны._Х5м,13.844751337855698
Кленовский Д.И._Я-бродил-по-талым-косогорам_Х5жм,13.84594328946463
Асеев Н.Н._Нет-/-ты-мне-совсем-не-дорогая!_Х5ж,13.847295045279944
Светлов М.А._Молодость-слезами-орошая_Х5жм,13.847897941127954
Сартовский Г.Г._Как-корабль-в-житейском-бурном-море_Х5жм,13.851893463513848
"Волошин М.А._Революция-губит-лучших_Х5ж,м",13.854595724971137
Мартынов Л.Н._Нет!-/-Картина-для-меня-ясна:_Х5мж,13.855423448837476
Есенин С. А._Никогда-я-не-был-на-Босфоре_Х5жм; Х6м,13.86050026237948
Туроверов Н.Н._Нет-воздушней-этого-тумана_Х5жм; Х6м,13.865575931872025
Клюев Н.А._Я-люблю-цыганские-кочевья_Х5жм,13.86848161750589
Кленовский Д.И._Плачешь-ты-и-просишь-ты-о-многом_Х5жм,13.869055266279124
Юрков И.В._Как-в-калейдоскопе-сна-земного_Х5жм; Х4м,13.87075543275993
Берггольц О.Ф._Всей-земною-горечью-и-болью_Х5жм,13.87269501975782
"Мережковский Д.С._По-горам-среди-ущелий-темных_Х5ж,м",13.872833712478746
"Платонов А.П._Странны-дни-в-долине-ровной_Х5жм; Х4,6ж,м",13.872942493105228
Прокофьев А.А._Слышу-как-проходит-шагом-скорым_Х5жм,13.873888944089256
